code_departement,nb_ve_electrique,NB_VP_RECHARGEABLES_GAZ,LIBGEO,nb_bornes_publiques,puissance_moyenne,id_station,ratio_ve_par_borne
50,15067,27,AGNEAUX,1.0,7.36,1.0,15067.0
88,9172,22,LES ABLEUVENETTES,1.0,11.0,1.0,9172.0
71,13276,26,AMEUGNY,5.0,350.0,1.0,2655.2
54,20975,55,ABAUCOURT,8.0,22.0,4.0,2621.875
32,5680,6,ANTRAS,4.0,7.0,2.0,1420.0
49,22580,93,TUFFALUN,16.0,350.0,3.0,1411.25
64,20007,51,ABÈRE,16.0,101.0,8.0,1250.4375
47,9261,28,AGMÉ,8.0,131.33333333333334,3.0,1157.625
93,50907,755,AUBERVILLIERS,46.0,8.633333333333333,24.0,1106.6739130434783
87,9462,12,BERSAC-SUR-RIVALIER,9.0,350.0,2.0,1051.3333333333333
19,6094,8,AIX,6.0,22.0,4.0,1015.6666666666666
40,12934,36,BANOS,14.0,186.0,4.0,923.8571428571429
27,17688,20,AIGLEVILLE,20.0,7.36,4.0,884.4
82,7813,10,ALBEFEUILLE-LAGARDE,9.0,121.33333333333333,3.0,868.1111111111111
80,13040,16,ACHEUX-EN-VIMEU,21.0,87.664,5.0,620.952380952381
36,3619,3,AIGURANDE,6.0,23.04,2.0,603.1666666666666
24,10899,13,ABJAT-SUR-BANDIAT,20.0,22.0,6.0,544.95
78,105249,94,BAZEMONT,214.0,18.65,120.0,491.81775700934577
68,29299,108,ASPACH-MICHELBACH,67.0,16.90031746031746,63.0,437.2985074626866
63,19088,48,AMBERT,49.0,64.73142857142857,7.0,389.55102040816325
97,34298,14,CAPESTERRE-DE-MARIE-GALANTE,100.0,7.360000000000001,10.0,342.98
08,6306,17,ACY-ROMANCE,20.0,22.08,4.0,315.3
23,1866,2,ARRÈNES,6.0,23.04,2.0,311.0
52,3066,6,ANNONVILLE,10.0,350.0,2.0,306.6
69,75414,235,AMBÉRIEUX,274.0,30.10870588235294,85.0,275.2335766423358
94,36120,83,ALFORTVILLE,134.0,17.26918918918919,37.0,269.55223880597015
39,6697,10,ABERGEMENT-LE-GRAND,25.0,87.664,5.0,267.88
77,46840,169,ACHÈRES-LA-FORÊT,182.0,13.937560975609758,82.0,257.3626373626374
57,32315,68,ALBESTROFF,126.0,22.795087719298245,57.0,256.468253968254
72,12918,19,ARNAGE,51.0,117.86666666666666,15.0,253.2941176470588
14,23190,28,ARGENCES,106.0,11.565714285714284,14.0,218.77358490566039
17,20828,13,AGUDELLE,98.0,58.77777777777778,18.0,212.53061224489795
51,17323,30,SAINT-MARTIN-D'ABLOIS,92.0,45.52571428571429,28.0,188.29347826086956
33,56712,76,AMBÈS,312.0,33.01103448275862,58.0,181.76923076923077
45,19409,28,ADON,110.0,28.833333333333332,54.0,176.44545454545454
21,15314,21,AISEY-SUR-SEINE,88.0,86.18,20.0,174.02272727272728
18,6397,25,ARÇAY,38.0,45.50285714285714,28.0,168.3421052631579
67,41989,227,ALTENHEIM,253.0,30.046829268292683,41.0,165.96442687747034
95,40287,70,BELLOY-EN-FRANCE,252.0,15.856170212765958,47.0,159.86904761904762
01,25062,52,ARTEMARE,193.0,37.78253521126761,71.0,129.85492227979276
2B,14412,3,AGHIONE,111.0,18.38774193548387,31.0,129.83783783783784
53,7913,20,ANDOUILLÉ,69.0,53.364,10.0,114.68115942028986
84,20327,37,BOLLÈNE,200.0,28.453584905660378,53.0,101.635
31,54820,117,ALAN,626.0,23.415730337078653,178.0,87.57188498402556
43,5357,13,AIGUILHE,64.0,22.375,32.0,83.703125
28,11629,4,ABONDANT,141.0,26.99236641221374,131.0,82.47517730496453
35,31687,56,VAL-COUESNON,420.0,24.800761904761902,210.0,75.4452380952381
92,118220,980,FONTENAY-AUX-ROSES,1584.0,12.647038123167157,341.0,74.63383838383838
13,83377,255,AUREILLE,1168.0,21.154640522875816,612.0,71.38441780821918
25,16789,32,AMANCEY,268.0,22.0102752293578,111.0,62.6455223880597
06,51425,91,ASCROS,831.0,23.608684210526317,304.0,61.88327316486161
76,40951,94,ALLOUVILLE-BELLEFOSSE,676.0,23.827522935779818,327.0,60.578402366863905
38,44265,198,LES ABRETS EN DAUPHINÉ,766.0,24.767218543046358,604.0,57.787206266318535
60,28436,43,AVRIGNY,494.0,22.000666666666667,240.0,57.56275303643725
44,43633,368,CHAUMES-EN-RETZ,836.0,19.754059405940595,404.0,52.192583732057415
73,15862,42,GRAND-AIGUEBLANCHE,316.0,35.04152380952381,105.0,50.19620253164557
83,42716,33,BANDOL,871.0,23.767149321266967,442.0,49.04247990815155
2A,6394,1,AFA,138.0,23.945277777777775,36.0,46.333333333333336
85,21117,85,AIZENAY,478.0,24.581818181818182,220.0,44.17782426778243
37,19021,14,AUTRÈCHE,436.0,20.625882352941176,6.0,43.62614678899082
74,36572,99,ABONDANCE,847.0,25.48667687595712,653.0,43.17827626918536
91,48908,73,ABBÉVILLE-LA-RIVIÈRE,1148.0,21.36897435897436,156.0,42.602787456445995
62,39335,66,ABLAINZEVELLE,950.0,22.970851735015774,317.0,41.40526315789474
89,7272,22,AISY-SUR-ARMANÇON,195.0,27.341363636363635,352.0,37.292307692307695
30,26820,15,AIGREMONT,757.0,20.954727793696275,349.0,35.42932628797887
42,20660,43,ABOËN,598.0,22.387964601769912,226.0,34.54849498327759
34,42558,66,BABEAU-BOULDOUX,1274.0,22.935945330296125,439.0,33.40502354788069
66,15174,19,L'ALBÈRE,490.0,25.83934065934066,182.0,30.96734693877551
02,20943,46,ALAINCOURT,682.0,22.49169590643275,342.0,30.708211143695014
29,26306,30,ARGOL,926.0,22.834723404255318,470.0,28.408207343412528
70,4730,4,ACHEY,170.0,22.0,85.0,27.823529411764707
26,18584,56,ALLAN,767.0,24.557293233082707,532.0,24.229465449804433
56,20837,84,BAUD,878.0,19.51590909090909,440.0,23.732346241457858
22,15195,35,BÉGARD,661.0,24.358662613981764,329.0,22.987897125567322
59,84918,231,ABANCOURT,3697.0,21.50440476190476,762.0,22.969434676764944
86,12663,22,BONNES,574.0,21.39573883161512,291.0,22.0609756097561
79,9226,21,ARDIN,438.0,6.896589861751152,217.0,21.06392694063927
03,7094,10,AUDES,347.0,24.827341772151897,158.0,20.443804034582133
12,6160,13,LES ALBRES,312.0,25.58243243243243,148.0,19.743589743589745
07,8986,12,ACCONS,456.0,25.256521739130434,460.0,19.70614035087719
41,8262,9,AUTHON,448.0,20.69585062240664,241.0,18.441964285714285
04,4894,6,AIGLUN,268.0,23.931076923076922,130.0,18.261194029850746
10,7523,7,ARRELLES,456.0,18.072857142857142,224.0,16.49780701754386
11,9771,6,AIGUES-VIVES,609.0,21.50573529411765,272.0,16.04433497536946
15,3115,2,ANGLARDS-DE-SAINT-FLOUR,209.0,43.666666666666664,39.0,14.904306220095695
09,3291,30,ALLIÈRES,236.0,23.764705882352942,102.0,13.944915254237289
81,11611,20,AGUTS,994.0,22.681811846689897,287.0,11.681086519114688
61,5505,10,AUBE,516.0,19.922268907563026,238.0,10.668604651162791
05,3749,8,ANCELLE,356.0,27.08974212034384,349.0,10.530898876404494
90,3567,3,BEAUCOURT,368.0,22.46,92.0,9.692934782608695
65,5120,20,ARTIGUEMY,716.0,17.427338129496402,278.0,7.150837988826815
75,96930,261,PARIS 11E ARRONDISSEMENT,14556.0,6.359027266028003,2714.0,6.659109645507008
48,1226,0,ALBARET-SAINTE-MARIE,193.0,24.58823529411765,85.0,6.352331606217617
46,4249,6,ALVIGNAC,1370.0,30.369747899159663,238.0,3.1014598540145983
16,9243,3,AGRIS,0.0,,,0.0
58,3674,35,ACHUN,0.0,22.0,72.0,0.0
55,3846,7,AUBRÉVILLE,0.0,,,0.0
